a,b,c,d
384399000,1023000,16.5888,40000
384367000,5114860,414.716,200002
384294000,9206190,1343.64,360010
384179000,13296600,2803.29,520031
384022000,17385500,4793.5,680069
383824000,21472700,7314.11,840131
383583000,25557600,10364.9,1000220
383301000,29639800,13945.5,1160340
382978000,33719000,18055.7,1320510
382612000,37794600,22695,1480720
382205000,41866300,27863,1640970
381756000,45933500,33559.3,1801290
381266000,49996000,39783.2,1961660
380734000,54053200,46534.3,2122100
380161000,58104800,53811.9,2282620
379546000,62150300,61615.2,2443210
378890000,66189300,69943.6,2603880
378193000,70221400,78796.3,2764640
377454000,74246100,88172.4,2925500
376674000,78263000,98071.1,3086450
375854000,82271700,108491,3247510
374992000,86271800,119432,3408670
374089000,90262900,130893,3569950
373145000,94244500,142872,3731360
372161000,98216200,155369,3892880
371136000,102178000,168382,4054540
370070000,106128000,181909,4216340
368964000,110068000,195951,4378270
367817000,113996000,210505,4540350
366631000,117912000,225570,4702590
365404000,121815000,241144,4864980
364137000,125706000,257227,5027540
362830000,129583000,273816,5190260
361483000,133447000,290910,5353160
360097000,137297000,308507,5516230
358671000,141132000,326607,5679490
357206000,144953000,345206,5842940
355702000,148758000,364303,6006580
354158000,152547000,383897,6170420
352576000,156320000,403985,6334470
350955000,160077000,424565,6498720
349295000,163817000,445636,6663190
347596000,167540000,467196,6827880
345860000,171244000,489242,6992800
344085000,174931000,511773,7157940
342272000,178599000,534785,7323330
340421000,182248000,558278,7488950
338533000,185878000,582248,7654820
336607000,189488000,606693,7820930
334644000,193078000,631612,7987310
332644000,196647000,657001,8153940
330608000,200196000,682857,8320840
328534000,203723000,709180,8488010
326424000,207228000,735965,8655460
324278000,210711000,763211,8823190
322095000,214172000,790914,8991200
319877000,217610000,819072,9159510
317623000,221024000,847682,9328100
315334000,224415000,876741,9497000
313010000,227782000,906247,9666210
310651000,231125000,936196,9835720
308257000,234443000,966586,10005600
305828000,237735000,997413,10175700
303366000,241002000,1028670,10346200
300869000,244243000,1060370,10517000
298339000,247458000,1092490,10688100
295775000,250646000,1125030,10859600
293178000,253807000,1158000,11031400
290548000,256941000,1191390,11203600
287885000,260047000,1225190,11376100
285190000,263125000,1259400,11549000
282463000,266174000,1294020,11722200
279704000,269195000,1329040,11895800
276913000,272186000,1364470,12069800
274092000,275148000,1400290,12244100
271239000,278080000,1436510,12418800
268355000,280982000,1473110,12593900
265441000,283853000,1510100,12769400
262497000,286693000,1547480,12945300
259523000,289502000,1585230,13121600
256519000,292279000,1623360,13298300
253487000,295025000,1661850,13475400
250425000,297738000,1700720,13652900
247335000,300418000,1739940,13830800
244217000,303066000,1779530,14009200
241071000,305680000,1819470,14187900
237897000,308261000,1859750,14367100
234696000,310807000,1900390,14546700
231468000,313320000,1941360,14726800
228214000,315798000,1982680,14907300
224933000,318241000,2024320,15088200
221626000,320649000,2066300,15269600
218294000,323022000,2108590,15451400
214937000,325359000,2151210,15633700
211555000,327659000,2194140,15816400
208149000,329924000,2237380,15999600
204719000,332151000,2280930,16183300
201265000,334342000,2324770,16367400
197787000,336496000,2368920,16552000
194287000,338612000,2413350,16737100
190764000,340690000,2458070,16922700
187220000,342730000,2503070,17108700
183653000,344732000,2548350,17295300
180065000,346695000,2593890,17482300
176456000,348619000,2639710,17669800
172826000,350504000,2685780,17857800
169177000,352350000,2732110,18046300
165507000,354156000,2778690,18235300
161818000,355922000,2825520,18424900
158111000,357648000,2872590,18614900
154384000,359334000,2919890,18805500
150640000,360979000,2967420,18996500
146878000,362583000,3015170,19188100
143099000,364146000,3063150,19380200
139303000,365667000,3111330,19572800
135491000,367147000,3159730,19766000
131662000,368585000,3208330,19959700
127819000,369982000,3257120,20153900
123960000,371336000,3306100,20348700
120087000,372647000,3355270,20544000
116199000,373916000,3404620,20739800
112298000,375142000,3454140,20936200
108384000,376325000,3503830,21133100
104457000,377465000,3553690,21330600
100517000,378562000,3603690,21528600
96566000,379615000,3653850,21727200
92603400,380624000,3704150,21926300
88630000,381589000,3754590,22126000
84646100,382511000,3805170,22326300
80652300,383388000,3855860,22527100
76649000,384220000,3906680,22728400
72636800,385008000,3957620,22930400
68616100,385752000,4008660,23132900
64587400,386450000,4059800,23336000
60551300,387104000,4111030,23539600
56508100,387712000,4162360,23743800
52458400,388275000,4213770,23948600
48402700,388793000,4265250,24154000
44341500,389265000,4316810,24360000
40275300,389692000,4368420,24566500
36204600,390073000,4420100,24773600
32129900,390409000,4471820,24981300
28051800,390698000,4523590,25189600
23970700,390941000,4575400,25398400
19887100,391139000,4627240,25607800
15801600,391290000,4679100,25817900
11714800,391395000,4730980,26028500
7626990,391454000,4782870,26239700
3538860,391467000,4834770,26451500
-549097,391433000,4886660,26663800
-4636370,391352000,4938540,26876800
-8722410,391226000,4990410,27090400
-12806700,391052000,5042260,27304500
-16888700,390833000,5094080,27519200
-20967900,390566000,5145860,27734600
-25043800,390253000,5197600,27950500
-29115700,389894000,5249290,28167000
-33183200,389488000,5300930,28384100
-37245800,389035000,5352500,28601800
-41302900,388536000,5404000,28820100
-45353900,387990000,5455430,29038900
-49398300,387398000,5506770,29258400
-53435600,386759000,5558020,29478500
-57465200,386073000,5609170,29699100
-61486600,385341000,5660220,29920300
-65499200,384563000,5711160,30142200
-69502500,383738000,5761980,30364600
-73496000,382868000,5812670,30587600
-77479000,381950000,5863230,30811200
-81451100,380987000,5913650,31035300
-85411700,379978000,5963930,31260100
-89360200,378922000,6014050,31485400
-93296100,377821000,6064020,31711400
-97218900,376674000,6113820,31937900
-101128000,375481000,6163440,32165000
-105023000,374243000,6212880,32392600
-108903000,372959000,6262130,32620900
-112768000,371630000,6311190,32849700
-116616000,370255000,6360050,33079100
-120449000,368836000,6408700,33309000
-124264000,367371000,6457140,33539600
-128062000,365862000,6505350,33770700
-131842000,364309000,6553330,34002300
-135603000,362710000,6601070,34234600
-139345000,361068000,6648580,34467400
-143067000,359382000,6695830,34700700
-146769000,357651000,6742820,34934600
-150451000,355877000,6789550,35169100
-154110000,354059000,6836010,35404100
-157749000,352199000,6882200,35639700
-161364000,350295000,6928100,35875800
-164957000,348348000,6973700,36112500
-168526000,346359000,7019010,36349700
-172072000,344327000,7064020,36587400
-175593000,342253000,7108710,36825700
-179088000,340137000,7153090,37064500
-182558000,337980000,7197140,37303800
-186003000,335781000,7240860,37543700
-189420000,333542000,7284250,37784000
-192810000,331261000,7327280,38024900
-196173000,328940000,7369970,38266300
-199508000,326579000,7412300,38508300
-202814000,324178000,7454270,38750700
-206091000,321737000,7495870,38993600
-209338000,319258000,7537090,39237000
-212555000,316739000,7577920,39481000
-215741000,314181000,7618370,39725400
-218896000,311585000,7658420,39970300
-222020000,308952000,7698070,40215600
-225111000,306281000,7737320,40461500
-228170000,303572000,7776150,40707800
-231196000,300827000,7814560,40954600
-234188000,298045000,7852540,41201900
-237146000,295227000,7890090,41449600
-240070000,292374000,7927200,41697800
-242958000,289485000,7963870,41946400
-245812000,286561000,8000090,42195400
-248629000,283602000,8035860,42444900
-251410000,280610000,8071160,42694900
-254154000,277584000,8106000,42945200
-256862000,274524000,8140370,43196000
-259531000,271432000,8174260,43447200
-262163000,268307000,8207660,43698800
-264756000,265150000,8240580,43950800
-267310000,261962000,8273000,44203300
-269825000,258743000,8304930,44456100
-272300000,255493000,8336350,44709300
-274735000,252213000,8367260,44962800
-277130000,248904000,8397660,45216800
-279483000,245565000,8427530,45471100
-281796000,242197000,8456890,45725800
-284066000,238802000,8485710,45980900
-286295000,235378000,8514010,46236300
-288481000,231928000,8541760,46492000
-290625000,228451000,8568970,46748100
-292726000,224947000,8595640,47004500
-294783000,221418000,8621750,47261300
-296796000,217864000,8647300,47518300
-298765000,214285000,8672300,47775700
-300690000,210682000,8696730,48033400
-302569000,207056000,8720600,48291400
-304404000,203406000,8743890,48549600
-306194000,199735000,8766600,48808200
-307938000,196041000,8788740,49067000
-309635000,192326000,8810290,49326100
-311287000,188590000,8831260,49585500
-312892000,184834000,8851630,49845100
-314450000,181058000,8871410,50105000
-315961000,177263000,8890600,50365100
-317425000,173450000,8909180,50625500
-318841000,169619000,8927160,50886100
-320210000,165771000,8944530,51146900
-321530000,161905000,8961290,51407900
-322802000,158024000,8977440,51669100
-324026000,154127000,8992970,51930500
-325201000,150215000,9007890,52192100
-326327000,146289000,9022180,52453900
-327404000,142349000,9035850,52715800
-328432000,138397000,9048900,52978000
-329410000,134431000,9061320,53240300
-330339000,130454000,9073110,53502700
-331218000,126465000,9084270,53765300
-332047000,122466000,9094790,54028000
-332826000,118456000,9104680,54290800
-333555000,114438000,9113940,54553800
-334234000,110410000,9122550,54816900
-334862000,106374000,9130530,55080000
-335439000,102331000,9137860,55343300
-335966000,98280800,9144550,55606700
-336443000,94224300,9150600,55870100
-336868000,90162200,9156000,56133600
-337243000,86095200,9160750,56397200
-337567000,82023700,9164860,56660800
-337839000,77948500,9168330,56924500
-338061000,73870300,9171140,57188200
-338232000,69789500,9173310,57452000
-338351000,65707000,9174820,57715700
-338420000,61623300,9175690,57979500
-338437000,57539000,9175910,58243300
-338403000,53454900,9175480,58507100
-338318000,49371500,9174400,58770900
-338182000,45289500,9172680,59034600
-337995000,41209500,9170300,59298400
-337757000,37132100,9167270,59562100
-337467000,33058100,9163600,59825700
-337127000,28988000,9159280,60089400
-336736000,24922500,9154320,60352900
-336294000,20862100,9148710,60616400
-335801000,16807700,9142450,60879800
-335258000,12759600,9135550,61143100
-334664000,8718750,9128010,61406400
-334019000,4685590,9119830,61669500
-333324000,660798,9111010,61932600
-332579000,-3355000,9101550,62195500
-331784000,-7361180,9091450,62458300
-330939000,-11357100,9080720,62721000
-330043000,-15342200,9069360,62983500
-329099000,-19315800,9057370,63245900
-328104000,-23277300,9044740,63508100
-327060000,-27226100,9031490,63770200
-325968000,-31161600,9017620,64032100
-324826000,-35083100,9003120,64293800
-323635000,-38990100,8988010,64555400
-322395000,-42882000,8972270,64816700
-321108000,-46758200,8955930,65077900
-319772000,-50618000,8938970,65338800
-318388000,-54460900,8921400,65599500
-316956000,-58286300,8903220,65860000
-315477000,-62093600,8884450,66120300
-313950000,-65882300,8865070,66380300
-312377000,-69651600,8845100,66640100
-310757000,-73401200,8824530,66899700
-309090000,-77130400,8803380,67159000
-307378000,-80838600,8781630,67418000
-305619000,-84525300,8759310,67676700
-303815000,-88190000,8736410,67935200
-301965000,-91832000,8712930,68193400
-300071000,-95450800,8688880,68451300
-298132000,-99046000,8664270,68708800
-296148000,-102617000,8639090,68966100
-294121000,-106163000,8613350,69223100
-292050000,-109684000,8587060,69479700
-289935000,-113179000,8560220,69736000
-287778000,-116647000,8532830,69992000
-285578000,-120089000,8504900,70247600
-283335000,-123504000,8476430,70502900
-281051000,-126890000,8447440,70757900
-278725000,-130248000,8417910,71012400
-276358000,-133578000,8387870,71266600
-273951000,-136878000,8357300,71520500
-271503000,-140148000,8326220,71773900
-269015000,-143388000,8294640,72027000
-266487000,-146597000,8262550,72279700
-263920000,-149775000,8229970,72532000
-261314000,-152922000,8196890,72783900
-258671000,-156036000,8163330,73035400
-255989000,-159118000,8129290,73286400
-253269000,-162166000,8094770,73537100
-250513000,-165182000,8059780,73787300
-247720000,-168163000,8024320,74037100
-244891000,-171111000,7988410,74286400
-242026000,-174023000,7952040,74535400
-239126000,-176901000,7915230,74783800
-236191000,-179743000,7877970,75031900
-233222000,-182549000,7840280,75279400
-230219000,-185319000,7802160,75526500
-227183000,-188052000,7763610,75773200
-224113000,-190749000,7724650,76019400
-221011000,-193408000,7685270,76265100
-217877000,-196029000,7645490,76510300
-214712000,-198613000,7605310,76755000
-211516000,-201158000,7564740,76999300
-208289000,-203664000,7523770,77243000
-205032000,-206131000,7482430,77486300
-201746000,-208559000,7440710,77729100
-198431000,-210947000,7398630,77971300
-195087000,-213295000,7356180,78213100
-191715000,-215603000,7313380,78454300
-188316000,-217871000,7270230,78695000
-184890000,-220097000,7226740,78935200
-181437000,-222282000,7182910,79174900
-177959000,-224426000,7138750,79414100
-174455000,-226528000,7094270,79652700
-170926000,-228588000,7049470,79890800
-167373000,-230606000,7004370,80128400
-163796000,-232582000,6958960,80365400
-160195000,-234515000,6913260,80601900
-156572000,-236405000,6867270,80837800
-152927000,-238252000,6820990,81073200
-149260000,-240055000,6774440,81308100
-145572000,-241815000,6727630,81542300
-141864000,-243531000,6680550,81776100
-138135000,-245204000,6633210,82009200
-134387000,-246832000,6585630,82241900
-130619000,-248416000,6537810,82473900
-126834000,-249955000,6489750,82705400
-123030000,-251450000,6441470,82936300
-119209000,-252899000,6392970,83166700
-115371000,-254304000,6344250,83396400
-111517000,-255664000,6295320,83625600
-107648000,-256979000,6246200,83854300
-103763000,-258248000,6196880,84082300
-99863200,-259471000,6147380,84309800
-95949600,-260649000,6097700,84536700
-92022500,-261782000,6047850,84763000
-88082400,-262868000,5997830,84988800
-84130000,-263909000,5947660,85213900
-80165600,-264903000,5897340,85438500
-76189900,-265851000,5846870,85662500
-72203400,-266754000,5796260,85885900
-68206700,-267610000,5745530,86108700
-64200300,-268419000,5694670,86330900
-60184800,-269182000,5643690,86552500
-56160700,-269899000,5592610,86773600
-52128500,-270570000,5541420,86994000
-48088900,-271193000,5490140,87213900
-44042300,-271771000,5438780,87433200
-39989200,-272301000,5387320,87651900
-35930300,-272786000,5335800,87870000
-31866100,-273223000,5284210,88087400
-27797100,-273614000,5232550,88304400
-23723800,-273959000,5180850,88520700
-19646800,-274256000,5129090,88736400
-15566700,-274508000,5077300,88951500
-11483900,-274712000,5025470,89166100
-7398930,-274871000,4973610,89380000
-3312430,-274982000,4921740,89593400
775118,-275048000,4869850,89806200
4863190,-275066000,4817950,90018400
8951260,-275039000,4766060,90230000
13038800,-274965000,4714170,90441000
17125300,-274845000,4662300,90651400
21210200,-274679000,4610440,90861200
25293000,-274466000,4558610,91070500
29373200,-274208000,4506820,91279100
33450300,-273904000,4455060,91487200
37523700,-273554000,4403350,91694700
41593000,-273158000,4351700,91901600
45657600,-272716000,4300100,92108000
49717100,-272229000,4248570,92313700
53770900,-271697000,4197110,92518900
57818600,-271119000,4145720,92723500
61859500,-270496000,4094430,92927600
65893300,-269828000,4043220,93131000
69919500,-269115000,3992110,93333900
73937500,-268357000,3941100,93536200
77946900,-267554000,3890210,93738000
81947100,-266707000,3839430,93939200
85937800,-265816000,3788770,94139800
89918300,-264880000,3738240,94339900
93888300,-263901000,3687840,94539400
97847300,-262877000,3637590,94738400
101795000,-261810000,3587480,94936800
105730000,-260700000,3537520,95134600
109653000,-259546000,3487720,95331900
113563000,-258349000,3438080,95528600
117460000,-257109000,3388620,95724900
121343000,-255826000,3339320,95920500
125212000,-254500000,3290220,96115600
129066000,-253133000,3241290,96310200
132904000,-251723000,3192560,96504300
136727000,-250271000,3144030,96697800
140534000,-248778000,3095700,96890800
144325000,-247243000,3047580,97083200
148099000,-245666000,2999680,97275200
151855000,-244049000,2952000,97466600
155593000,-242391000,2904540,97657500
159314000,-240692000,2857310,97847900
163015000,-238953000,2810320,98037700
166698000,-237174000,2763580,98227100
170361000,-235355000,2717080,98415900
174004000,-233497000,2670830,98604300
177627000,-231599000,2624840,98792100
181229000,-229662000,2579110,98979500
184811000,-227686000,2533650,99166400
188370000,-225672000,2488460,99352700
191908000,-223620000,2443550,99538600
195424000,-221529000,2398920,99724000
198916000,-219401000,2354580,99909000
202386000,-217235000,2310540,100093000
205833000,-215033000,2266790,100277000
209255000,-212793000,2223340,100461000
212654000,-210517000,2180200,100644000
216028000,-208204000,2137370,100827000
219377000,-205856000,2094860,101009000
222700000,-203472000,2052660,101190000
225999000,-201052000,2010800,101372000
229271000,-198598000,1969260,101552000
232517000,-196109000,1928050,101733000
235736000,-193585000,1887190,101913000
238928000,-191027000,1846670,102092000
242093000,-188436000,1806490,102271000
245230000,-185811000,1766670,102450000
248339000,-183152000,1727200,102628000
251420000,-180461000,1688090,102806000
254472000,-177738000,1649340,102983000
257496000,-174982000,1610960,103160000
260489000,-172194000,1572960,103337000
263454000,-169375000,1535330,103513000
266388000,-166525000,1498080,103689000
269292000,-163644000,1461210,103864000
272166000,-160732000,1424730,104039000
275009000,-157791000,1388640,104214000
277821000,-154819000,1352950,104388000
280601000,-151818000,1317650,104562000
283350000,-148789000,1282760,104735000
286067000,-145730000,1248270,104908000
288751000,-142643000,1214190,105081000
291403000,-139528000,1180530,105253000
294023000,-136385000,1147280,105425000
296609000,-133215000,1114440,105597000
299162000,-130018000,1082040,105769000
301682000,-126795000,1050050,105940000
304167000,-123546000,1018500,106110000
306619000,-120270000,987379,106281000
309036000,-116969000,956693,106451000
311419000,-113644000,926446,106620000
313767000,-110293000,896640,106790000
316080000,-106918000,867278,106959000
318357000,-103520000,838364,107128000
320600000,-100098000,809900,107296000
322806000,-96652300,781889,107464000
324977000,-93184200,754334,107632000
327111000,-89693700,727238,107800000
329210000,-86181200,700602,107967000
331271000,-82647200,674430,108134000
333296000,-79092000,648725,108301000
335284000,-75515900,623488,108468000
337235000,-71919500,598723,108634000
339149000,-68303000,574431,108800000
341025000,-64666900,550615,108966000
342863000,-61011600,527278,109131000
344664000,-57337500,504421,109297000
346426000,-53645000,482047,109462000
348151000,-49934400,460159,109627000
349837000,-46206300,438757,109791000
351484000,-42460900,417844,109956000
353093000,-38698700,397423,110120000
354663000,-34920200,377495,110284000
356193000,-31125600,358062,110448000
357685000,-27315500,339126,110611000
359138000,-23490300,320689,110775000
360551000,-19650200,302752,110938000
361924000,-15795800,285317,111101000
363258000,-11927500,268386,111264000
364552000,-8045720,251961,111426000
365806000,-4150800,236043,111589000
367019000,-243198,220634,111751000
368193000,3676670,205734,111913000
369327000,7608390,191346,112075000
370420000,11551500,177471,112237000
371472000,15505700,164110,112399000
372484000,19470500,151264,112561000
373455000,23445400,138935,112722000
374386000,27430100,127124,112883000
375275000,31424100,115831,113045000
376124000,35427100,105059,113206000
376931000,39438500,94807.3,113367000
377698000,43458000,85077.8,113528000
378423000,47485100,75871.2,113689000
379107000,51519500,67188.2,113849000
379750000,55560600,59029.8,114010000
380351000,59608100,51396.7,114171000
380911000,63661600,44289.7,114331000
381429000,67720600,37709.3,114491000
381906000,71784700,31656.2,114652000
382342000,75853400,26131,114812000
382735000,79926400,21134.2,114972000
383087000,84003200,16666.3,115133000
383397000,88083400,12727.6,115293000
383666000,92166600,9318.57,115453000
383893000,96252200,6439.51,115613000
384078000,100340000,4090.7,115773000
384221000,104430000,2272.34,115933000
384322000,108520000,984.605,116093000
384382000,112612000,227.619,116253000
384400000,116704000,1.4512,116413000
384376000,120796000,306.122,116573000
384310000,124887000,1141.6,116733000
384202000,128978000,2507.82,116893000
384053000,133067000,4404.64,117053000
383862000,137154000,6831.88,117213000
383629000,141240000,9789.33,117373000
383354000,145322000,13276.7,117533000
383038000,149402000,17293.7,117693000
382680000,153478000,21839.8,117854000
382280000,157551000,26914.8,118014000
381838000,161619000,32518.1,118174000
381355000,165682000,38649.2,118335000
380831000,169740000,45307.5,118495000
380265000,173793000,52492.4,118655000
379657000,177840000,60203.3,118816000
379009000,181880000,68439.3,118977000
378319000,185913000,77199.7,119137000
377587000,189939000,86483.8,119298000
376815000,193958000,96290.5,119459000
376001000,197968000,106619,119620000
375146000,201969000,117468,119781000
374251000,205962000,128838,119943000
373314000,209945000,140726,120104000
372337000,213919000,153131,120266000
371319000,217882000,166053,120427000
370261000,221835000,179490,120589000
369162000,225776000,193442,120751000
368022000,229706000,207905,120913000
366842000,233624000,222880,121075000
365623000,237530000,238365,121238000
364363000,241423000,254358,121400000
363063000,245303000,270858,121563000
361723000,249169000,287864,121726000
360344000,253021000,305373,121889000
358925000,256859000,323384,122052000
357467000,260682000,341895,122215000
355970000,264490000,360905,122379000
354433000,268282000,380411,122543000
352857000,272058000,400412,122707000
351243000,275818000,420906,122871000
349590000,279561000,441891,123035000
347898000,283287000,463365,123200000
346168000,286994000,485326,123365000
344400000,290684000,507771,123530000
342594000,294356000,530699,123695000
340750000,298008000,554107,123861000
338868000,301641000,577993,124027000
336949000,305255000,602355,124193000
334993000,308848000,627190,124359000
332999000,312421000,652497,124526000
330969000,315973000,678271,124693000
328902000,319504000,704512,124860000
326798000,323014000,731216,125027000
324658000,326501000,758380,125195000
322482000,329966000,786003,125363000
320270000,333407000,814081,125531000
318023000,336826000,842612,125700000
315740000,340221000,871593,125868000
313422000,343593000,901020,126038000
311069000,346939000,930891,126207000
308681000,350262000,961204,126377000
306258000,353559000,991954,126547000
303802000,356830000,1023140,126717000
301311000,360076000,1054760,126888000
298787000,363295000,1086800,127059000
296229000,366488000,1119270,127231000
293638000,369654000,1152170,127402000
291013000,372793000,1185480,127574000
288356000,375903000,1219210,127747000
285667000,378986000,1253350,127920000
282946000,382041000,1287890,128093000
280192000,385066000,1322850,128266000
277407000,388063000,1358200,128440000
274591000,391030000,1393950,128615000
271743000,393967000,1430100,128789000
268865000,396874000,1466640,128964000
265956000,399751000,1503560,129140000
263017000,402596000,1540870,129315000
260049000,405411000,1578550,129492000
257050000,408194000,1616620,129668000
254023000,410945000,1655050,129845000
250966000,413664000,1693850,130023000
247881000,416350000,1733010,130201000
244768000,419003000,1772530,130379000
241627000,421623000,1812410,130558000
238458000,424210000,1852640,130737000
235261000,426763000,1893210,130916000
232038000,429281000,1934130,131096000
228788000,431765000,1975380,131277000
225512000,434215000,2016970,131457000
222210000,436629000,2058880,131639000
218883000,439008000,2101120,131820000
215530000,441351000,2143680,132003000
212153000,443658000,2186560,132185000
208751000,445929000,2229750,132368000
205324000,448163000,2273240,132552000
201875000,450360000,2317030,132736000
198401000,452520000,2361120,132921000
194905000,454643000,2405510,133106000
191386000,456728000,2450170,133291000
187845000,458775000,2495130,133477000
184282000,460783000,2540350,133664000
180698000,462753000,2585850,133850000
177093000,464684000,2631620,134038000
173467000,466576000,2677650,134226000
169821000,468429000,2723940,134414000
166155000,470242000,2770470,134603000
162469000,472015000,2817260,134793000
158765000,473748000,2864280,134983000
155042000,475441000,2911540,135173000
151301000,477093000,2959030,135364000
147542000,478704000,3006750,135555000
143766000,480274000,3054690,135747000
139973000,481803000,3102840,135940000
136163000,483291000,3151190,136133000
132338000,484736000,3199760,136327000
128497000,486140000,3248520,136521000
124640000,487501000,3297470,136715000
120770000,488821000,3346600,136911000
116885000,490097000,3395920,137106000
112986000,491331000,3445410,137303000
109074000,492521000,3495070,137500000
105149000,493669000,3544900,137697000
101212000,494773000,3594880,137895000
97262500,495834000,3645010,138093000
93301900,496851000,3695290,138292000
89330300,497824000,3745700,138492000
85348200,498753000,3796250,138692000
81356100,499638000,3846930,138893000
77354500,500478000,3897730,139094000
73343800,501274000,3948640,139296000
69324600,502025000,3999660,139498000
65297300,502732000,4050790,139701000
61262400,503393000,4102010,139905000
57220400,504009000,4153320,140109000
53171800,504580000,4204710,140314000
49117100,505106000,4256180,140519000
45056900,505587000,4307720,140725000
40991500,506021000,4359330,140931000
36921600,506411000,4411000,141138000
32847600,506754000,4462710,141346000
28770000,507051000,4514470,141554000
24689400,507303000,4566280,141763000
20606200,507509000,4618110,141972000
16521000,507668000,4669970,142182000
12434400,507781000,4721840,142392000
8346710,507848000,4773730,142604000
4258610,507869000,4825630,142815000
170583,507843000,4877520,143028000
-3916850,507771000,4929410,143240000
-8003150,507652000,4981280,143454000
-12087800,507487000,5033140,143668000
-16170200,507276000,5084960,143883000
-20250000,507018000,5136750,144098000
-24326400,506713000,5188500,144314000
-28399100,506362000,5240200,144530000
-32467500,505964000,5291840,144747000
-36530900,505519000,5343420,144965000
-40589000,505028000,5394940,145183000
-44641100,504491000,5446380,145402000
-48686700,503906000,5497730,145621000
-52725300,503276000,5549000,145841000
-56756300,502598000,5600170,146061000
-60779200,501875000,5651240,146282000
-64793400,501105000,5702200,146504000
-68798400,500288000,5753040,146727000
-72793600,499425000,5803750,146949000
-76778500,498516000,5854340,147173000
-80752600,497561000,5904790,147397000
-84715200,496560000,5955090,147622000
-88665900,495513000,6005240,147847000
-92604100,494419000,6055230,148073000
-96529200,493280000,6105060,148299000
-100441000,492096000,6154710,148526000
-104338000,490865000,6204190,148754000
-108221000,489589000,6253480,148982000
-112088000,488268000,6302570,149211000
-115940000,486902000,6351470,149440000
-119775000,485490000,6400150,149670000
-123594000,484034000,6448620,149900000
-127395000,482532000,6496870,150131000
-131178000,480987000,6544900,150363000
-134942000,479396000,6592680,150595000
-138688000,477762000,6640230,150827000
-142413000,476083000,6687530,151061000
-146119000,474360000,6734570,151295000
-149804000,472594000,6781350,151529000
-153468000,470784000,6827850,151764000
-157110000,468930000,6874090,151999000
-160729000,467034000,6920040,152235000
-164326000,465095000,6965700,152472000
-167900000,463113000,7011060,152709000
-171449000,461089000,7056120,152947000
-174974000,459022000,7100870,153185000
-178475000,456914000,7145300,153424000
-181949000,454764000,7189410,153663000
-185398000,452573000,7233190,153903000
-188820000,450340000,7276630,154143000
-192216000,448067000,7319730,154384000
-195583000,445753000,7362480,154625000
-198923000,443399000,7404880,154867000
-202234000,441005000,7446910,155109000
-205516000,438571000,7488570,155352000
-208768000,436098000,7529860,155595000
-211991000,433586000,7570760,155839000
-215182000,431035000,7611280,156083000
-218343000,428446000,7651400,156328000
-221472000,425819000,7691120,156574000
-224569000,423155000,7730440,156819000
-227634000,420453000,7769340,157066000
-230665000,417714000,7807820,157312000
-233663000,414939000,7845880,157559000
-236628000,412127000,7883510,157807000
-239557000,409280000,7920700,158055000
-242452000,406397000,7957450,158304000
-245312000,403479000,7993750,158553000
-248136000,400527000,8029600,158802000
-250923000,397540000,8064980,159052000
-253674000,394520000,8099900,159302000
-256388000,391466000,8134350,159553000
-259064000,388380000,8168330,159804000
-261702000,385261000,8201820,160056000
-264302000,382110000,8234820,160308000
-266863000,378927000,8267330,160560000
-269385000,375713000,8299340,160813000
-271867000,372469000,8330850,161066000
-274309000,369194000,8361850,161319000
-276711000,365890000,8392340,161573000
-279072000,362556000,8422310,161827000
-281392000,359193000,8451760,162082000
-283670000,355803000,8480680,162337000
-285906000,352384000,8509060,162592000
-288100000,348938000,8536910,162848000
-290251000,345466000,8564220,163104000
-292359000,341967000,8590980,163361000
-294424000,338442000,8617190,163617000
-296445000,334893000,8642850,163874000
-298421000,331318000,8667940,164132000
-300354000,327719000,8692470,164389000
-302242000,324097000,8716440,164647000
-304085000,320452000,8739830,164905000
-305882000,316784000,8762650,165164000
-307634000,313094000,8784890,165423000
-309340000,309382000,8806540,165682000
-310999000,305650000,8827610,165941000
-312613000,301898000,8848090,166201000
-314179000,298125000,8867970,166460000
-315698000,294334000,8887260,166720000
-317171000,290524000,8905950,166981000
-318595000,286696000,8924030,167241000
-319972000,282851000,8941510,167502000
-321301000,278988000,8958380,167763000
-322582000,275110000,8974640,168024000
-323814000,271216000,8990280,168286000
-324998000,267306000,9005310,168547000
-326132000,263383000,9019710,168809000
-327218000,259445000,9033490,169071000
-328254000,255495000,9046650,169333000
-329242000,251531000,9059180,169595000
-330179000,247556000,9071080,169858000
-331067000,243569000,9082350,170120000
-331905000,239572000,9092990,170383000
-332693000,235564000,9102990,170646000
-333430000,231547000,9112350,170909000
-334118000,227521000,9121080,171172000
-334755000,223486000,9129170,171435000
-335341000,219444000,9136610,171698000
-335877000,215395000,9143420,171961000
-336363000,211340000,9149580,172225000
-336797000,207279000,9155090,172488000
-337181000,203213000,9159960,172752000
-337513000,199142000,9164190,173016000
-337795000,195067000,9167760,173279000
-338026000,190990000,9170690,173543000
-338206000,186909000,9172970,173807000
-338334000,182827000,9174600,174070000
-338411000,178743000,9175590,174334000
-338438000,174659000,9175920,174598000
-338413000,170575000,9175600,174862000
-338337000,166491000,9174640,175126000
-338210000,162409000,9173030,175389000
-338032000,158329000,9170760,175653000
-337802000,154251000,9167850,175917000
-337522000,150176000,9164300,176180000
-337191000,146105000,9160090,176444000
-336809000,142039000,9155240,176708000
-336376000,137978000,9149740,176971000
-335892000,133922000,9143600,177235000
-335357000,129873000,9136820,177498000
-334772000,125831000,9129390,177761000
-334136000,121796000,9121320,178024000
-333450000,117770000,9112610,178287000
-332714000,113752000,9103260,178550000
-331928000,109745000,9093280,178813000
-331091000,105747000,9082660,179076000
-330205000,101760000,9071410,179338000
-329269000,97784100,9059520,179601000
-328283000,93820400,9047010,179863000
-327248000,89869300,9033870,180125000
-326164000,85931400,9020110,180387000
-325030000,82007400,9005720,180649000
-323848000,78097800,8990710,180910000
-322617000,74203200,8975090,181172000
-321338000,70324200,8958850,181433000
-320010000,66461500,8942000,181694000
-318635000,62615600,8924530,181955000
-317211000,58787000,8906470,182215000
-315741000,54976500,8887800,182476000
-314223000,51184500,8868520,182736000
-312657000,47411700,8848660,182996000
-311046000,43658600,8828190,183255000
-309387000,39925800,8807140,183514000
-307683000,36213900,8785500,183774000
-305932000,32523300,8763280,184032000
-304136000,28854800,8740480,184291000
-302294000,25208700,8717100,184549000
-300408000,21585700,8693160,184807000
-298476000,17986400,8668640,185065000
-296501000,14411200,8643560,185322000
-294481000,10860700,8617920,185579000
-292418000,7335370,8591730,185836000
-290311000,3835800,8564980,186092000
-288161000,362476,8537690,186348000
-285968000,-3084080,8509860,186604000
-283733000,-6503360,8481480,186859000
-281456000,-9894880,8452580,187114000
-279138000,-13258100,8423150,187369000
-276778000,-16592600,8393190,187623000
-274378000,-19897900,8362720,187877000
-271937000,-23173400,8331730,188130000
-269455000,-26418700,8300240,188384000
-266935000,-29633400,8268240,188636000
-264375000,-32816900,8235740,188889000
-261776000,-35968900,8202750,189141000
-259139000,-39088900,8169280,189392000
-256464000,-42176300,8135320,189643000
-253751000,-45230900,8100880,189894000
-251001000,-48252200,8065970,190144000
-248215000,-51239700,8030600,190394000
-245392000,-54193000,7994770,190644000
-242533000,-57111700,7958480,190893000
-239639000,-59995500,7921740,191141000
-236711000,-62843800,7884560,191389000
-233747000,-65656400,7846950,191637000
-230750000,-68432800,7808900,191884000
-227720000,-71172700,7770430,192131000
-224656000,-73875700,7731540,192377000
-221560000,-76541400,7692240,192623000
-218432000,-79169500,7652520,192868000
-215272000,-81759600,7612410,193113000
-212081000,-84311300,7571910,193357000
-208859000,-86824400,7531010,193601000
-205608000,-89298500,7489740,193845000
-202327000,-91733300,7448090,194088000
-199016000,-94128500,7406060,194330000
-195678000,-96483700,7363680,194572000
-192311000,-98798700,7320940,194813000
-188916000,-101073000,7277850,195054000
-185495000,-103307000,7234420,195294000
-182047000,-105499000,7190650,195534000
-178573000,-107651000,7146550,195773000
-175073000,-109760000,7102120,196012000
-171549000,-111828000,7057380,196250000
-168000000,-113853000,7012330,196488000
-164427000,-115836000,6966980,196725000
-160831000,-117777000,6921330,196961000
-157212000,-119674000,6875390,197197000
-153571000,-121529000,6829160,197433000
-149907000,-123340000,6782660,197668000
-146223000,-125107000,6735890,197902000
-142518000,-126831000,6688860,198136000
-138793000,-128511000,6641570,198369000
-135048000,-130147000,6594030,198602000
-131284000,-131739000,6546250,198834000
-127501000,-133286000,6498230,199066000
-123701000,-134789000,6449990,199297000
-119883000,-136246000,6401520,199527000
-116048000,-137659000,6352840,199757000
-112197000,-139027000,6303950,199986000
-108330000,-140349000,6254860,200215000
-104448000,-141626000,6205580,200443000
-100551000,-142858000,6156110,200671000
-96639600,-144044000,6106460,200898000
-92714900,-145184000,6056640,201124000
-88777000,-146279000,6006650,201350000
-84826700,-147328000,5956500,201575000
-80864400,-148330000,5906210,201800000
-76890600,-149287000,5855760,202024000
-72906000,-150197000,5805180,202248000
-68911100,-151061000,5754470,202471000
-64906400,-151879000,5703630,202693000
-60892400,-152650000,5652680,202915000
-56869800,-153375000,5601610,203136000
-52839000,-154054000,5550440,203356000
-48800600,-154686000,5499180,203576000
-44755200,-155271000,5447830,203796000
-40703300,-155810000,5396390,204015000
-36645300,-156303000,5344880,204233000
-32582000,-156748000,5293300,204450000
-28513800,-157148000,5241650,204667000
-24441200,-157500000,5189950,204884000
-20364900,-157806000,5138210,205100000
-16285200,-158066000,5086420,205315000
-12202800,-158279000,5034600,205530000
-8118240,-158445000,4982740,205744000
-4031980,-158565000,4930870,205957000
55422,-158638000,4878990,206170000
4143440,-158665000,4827090,206382000
8231550,-158646000,4775200,206594000
12319200,-158580000,4723310,206805000
16405900,-158468000,4671430,207016000
20491100,-158310000,4619570,207225000
24574400,-158106000,4567740,207435000
28655100,-157856000,4515930,207644000
32732700,-157560000,4464170,207852000
36806800,-157217000,4412450,208059000
40876900,-156830000,4360790,208266000
44942400,-156396000,4309180,208473000
49002800,-155917000,4257630,208679000
53057700,-155392000,4206160,208884000
57106400,-154823000,4154760,209089000
61148600,-154208000,4103450,209293000
65183700,-153547000,4052230,209496000
69211200,-152842000,4001100,209699000
73230700,-152092000,3950080,209902000
77241600,-151298000,3899160,210104000
81243500,-150458000,3848360,210305000
85235900,-149575000,3797680,210506000
89218300,-148647000,3747130,210706000
93190100,-147675000,3696710,210905000
97151100,-146660000,3646420,211105000
101101000,-145600000,3596290,211303000
105038000,-144497000,3546300,211501000
108963000,-143351000,3496470,211698000
112876000,-142161000,3446810,211895000
116775000,-140929000,3397310,212092000
120660000,-139654000,3347990,212287000
124532000,-138336000,3298850,212482000
128388000,-136975000,3249890,212677000
132230000,-135573000,3201130,212871000
136055000,-134129000,3152560,213065000
139865000,-132642000,3104200,213258000
143659000,-131115000,3056040,213451000
147436000,-129546000,3008100,213643000
151195000,-127936000,2960380,213834000
154937000,-126285000,2912880,214025000
158660000,-124593000,2865610,214216000
162365000,-122861000,2818580,214405000
166051000,-121089000,2771790,214595000
169718000,-119277000,2725240,214784000
173364000,-117426000,2678950,214972000
176991000,-115535000,2632910,215160000
180597000,-113605000,2587140,215348000
184182000,-111636000,2541630,215535000
187745000,-109628000,2496400,215721000
191287000,-107583000,2451440,215907000
194806000,-105499000,2406760,216093000
198303000,-103377000,2362370,216278000
201777000,-101218000,2318270,216462000
205228000,-99021900,2274470,216646000
208654000,-96788800,2230970,216830000
212057000,-94519000,2187770,217013000
215435000,-92212900,2144890,217196000
218789000,-89870900,2102320,217378000
222117000,-87493000,2060070,217560000
225420000,-85079800,2018140,217741000
228697000,-82631500,1976550,217922000
231947000,-80148300,1935280,218102000
235171000,-77630700,1894360,218282000
238368000,-75078900,1853770,218462000
241538000,-72493200,1813540,218641000
244680000,-69874000,1773650,218820000
247794000,-67221500,1734120,218998000
250880000,-64536200,1694950,219176000
253937000,-61818300,1656140,219353000
256965000,-59068200,1617690,219530000
259964000,-56286200,1579620,219707000
262934000,-53472700,1541930,219883000
265874000,-50627900,1504610,220059000
268783000,-47752200,1467670,220234000
271662000,-44846000,1431120,220409000
274511000,-41909700,1394970,220584000
277328000,-38943500,1359200,220758000
280114000,-35947700,1323840,220932000
282868000,-32922900,1288870,221106000
285591000,-29869300,1254310,221279000
288281000,-26787200,1220160,221452000
290939000,-23677100,1186420,221624000
293564000,-20539300,1153100,221796000
296156000,-17374200,1120190,221968000
298715000,-14182100,1087710,222140000
301240000,-10963400,1055650,222311000
303732000,-7718400,1024020,222481000
306190000,-4447590,992826,222652000
308613000,-1151290,962064,222822000
311002000,2170130,931739,222992000
313356000,5516280,901855,223161000
315675000,8886790,872415,223330000
317959000,12281300,843422,223499000
320207000,15699400,814879,223668000
322420000,19140700,786788,223836000
324597000,22604800,759152,224004000
326738000,26091300,731975,224172000
328843000,29599900,705258,224339000
330911000,33130200,679004,224506000
332943000,36681700,653216,224673000
334937000,40254100,627897,224840000
336895000,43847000,603048,225006000
338815000,47460000,578673,225172000
340697000,51092700,554773,225338000
342542000,54744600,531352,225503000
344350000,58415400,508410,225669000
346119000,62104800,485951,225834000
347850000,65812200,463977,225999000
349543000,69537200,442489,226163000
351197000,73279600,421491,226328000
352812000,77038800,400983,226492000
354389000,80814600,380968,226656000
355927000,84606300,361447,226820000
357425000,88413700,342424,226984000
358885000,92236300,323898,227147000
360305000,96073800,305873,227310000
361685000,99925700,288350,227473000
363026000,103792000,271331,227636000
364327000,107671000,254816,227799000
365588000,111564000,238809,227961000
366809000,115469000,223310,228124000
367989000,119387000,208320,228286000
369130000,123316000,193842,228448000
370230000,127258000,179876,228610000
371290000,131210000,166425,228772000
372309000,135173000,153488,228933000
373287000,139146000,141068,229095000
374225000,143129000,129165,229256000
375122000,147121000,117782,229417000
375978000,151123000,106918,229579000
376792000,155133000,96574.4,229740000
377566000,159151000,86752.9,229901000
378299000,163177000,77454.1,230061000
378990000,167210000,68678.9,230222000
379640000,171250000,60428.1,230383000
380248000,175296000,52702.5,230543000
380815000,179349000,45502.7,230704000
381341000,183407000,38829.6,230864000
381825000,187470000,32683.6,231025000
382268000,191538000,27065.5,231185000
382669000,195610000,21975.6,231345000
383028000,199686000,17414.5,231505000
383346000,203766000,13382.6,231666000
383622000,207849000,9880.32,231826000
383856000,211934000,6907.94,231986000
384048000,216021000,4465.76,232146000
384199000,220111000,2553.99,232306000
384308000,224201000,1172.83,232466000
384375000,228293000,322.393,232626000
384400000,232384000,2.76765,232786000
384383000,236476000,213.981,232946000
384325000,240568000,956.014,233106000
384224000,244659000,2228.8,233266000
384082000,248748000,4032.21,233426000
383898000,252836000,6366.08,233586000
383673000,256922000,9230.2,233746000
383406000,261005000,12624.3,233906000
383096000,265085000,16548,234066000
382746000,269162000,21001.1,234227000
382353000,273235000,25983,234387000
381919000,277304000,31493.3,234547000
381443000,281368000,37531.5,234707000
380926000,285428000,44097.1,234868000
380368000,289481000,51189.3,235028000
379767000,293529000,58807.6,235189000
379126000,297570000,66951.2,235350000
378443000,301605000,75619.4,235510000
377719000,305632000,84811.3,235671000
376954000,309652000,94526.1,235832000
376147000,313663000,104763,235993000
375300000,317667000,115521,236154000
374411000,321661000,126798,236315000
373482000,325646000,138595,236477000
372512000,329621000,150910,236638000
371501000,333586000,163741,236800000
370450000,337541000,177087,236962000
369358000,341484000,190948,237124000
368226000,345416000,205322,237286000
367053000,349336000,220207,237448000
365840000,353244000,235602,237610000
364587000,357140000,251506,237773000
363295000,361022000,267917,237935000
361962000,364890000,284833,238098000
360590000,368745000,302254,238261000
359178000,372586000,320176,238424000
357727000,376411000,338600,238588000
356236000,380222000,357522,238751000
354706000,384017000,376941,238915000
353138000,387796000,396855,239079000
351530000,391559000,417262,239243000
349884000,395304000,438161,239408000
348199000,399033000,459549,239572000
346476000,402744000,481424,239737000
344714000,406437000,503784,239902000
342915000,410112000,526627,240067000
341077000,413768000,549951,240233000
339202000,417404000,573753,240399000
337290000,421021000,598032,240565000
335340000,424618000,622784,240731000
333353000,428195000,648007,240898000
331329000,431751000,673700,241064000
329268000,435285000,699858,241231000
327171000,438798000,726481,241399000
325038000,442290000,753565,241566000
322868000,445758000,781107,241734000
320662000,449204000,809105,241902000
318421000,452627000,837556,242071000
316144000,456026000,866458,242240000
313832000,459402000,895807,242409000
311485000,462753000,925600,242578000
309104000,466080000,955835,242748000
306687000,469381000,986508,242918000
304237000,472657000,1017620,243088000
301752000,475907000,1049160,243259000
299234000,479131000,1081130,243430000
296681000,482329000,1113530,243601000
294096000,485500000,1146340,243773000
291478000,488643000,1179580,243945000
288827000,491759000,1213240,244118000
286143000,494847000,1247310,244290000
283427000,497906000,1281780,244463000
280679000,500937000,1316660,244637000
277900000,503939000,1351950,244811000
275089000,506911000,1387630,244985000
272247000,509853000,1423710,245160000
269374000,512766000,1460180,245335000
266470000,515648000,1497030,245510000
263537000,518499000,1534270,245686000
260573000,521319000,1571890,245862000
257580000,524107000,1609890,246038000
254558000,526864000,1648260,246215000
251506000,529588000,1686990,246393000
248426000,532280000,1726090,246570000
245318000,534940000,1765550,246749000
242182000,537566000,1805360,246927000
239018000,540158000,1845530,247106000
235826000,542717000,1886040,247286000
232608000,545242000,1926900,247466000
229363000,547732000,1968090,247646000
226091000,550187000,2009620,247827000
222794000,552608000,2051480,248008000
219471000,554993000,2093660,248190000
216122000,557342000,2136170,248372000
212749000,559656000,2178990,248554000
209351000,561933000,2222120,248737000
205929000,564173000,2265560,248921000
202484000,566377000,2309300,249105000
199014000,568544000,2353340,249289000
195522000,570673000,2397670,249474000
192007000,572765000,2442290,249660000
188470000,574818000,2487190,249845000
184911000,576833000,2532370,250032000
181331000,578810000,2577820,250219000
177729000,580748000,2623540,250406000
174107000,582647000,2669530,250594000
170464000,584507000,2715770,250782000
166801000,586327000,2762260,250971000
163119000,588107000,2809000,251160000
159418000,589847000,2855990,251350000
155699000,591547000,2903210,251541000
151961000,593206000,2950660,251731000
148205000,594825000,2998330,251923000
144432000,596402000,3046230,252115000
140642000,597938000,3094340,252307000
136835000,599433000,3142670,252500000
133012000,600886000,3191190,252694000
129174000,602297000,3239920,252888000
125320000,603666000,3288830,253082000
121452000,604993000,3337940,253277000
117570000,606277000,3387220,253473000
113673000,607518000,3436690,253669000
109764000,608716000,3486320,253866000
105841000,609871000,3536110,254063000
101906000,610983000,3586070,254261000
97958600,612051000,3636170,254459000
94000000,613076000,3686430,254658000
90030300,614057000,3736820,254858000
86050000,614994000,3787340,255058000
82059700,615886000,3838000,255259000
78059700,616734000,3888780,255460000
74050600,617538000,3939670,255662000
70032800,618297000,3990670,255864000
66006900,619012000,4041780,256067000
61973300,619681000,4092980,256270000
57932500,620305000,4144280,256474000
53885000,620884000,4195660,256679000
49831400,621418000,4247110,256884000
45772100,621906000,4298640,257090000
41707600,622349000,4350240,257296000
37638400,622747000,4401900,257503000
33565100,623098000,4453600,257710000
29488100,623404000,4505360,257918000
25408000,623663000,4557150,258127000
21325200,623877000,4608980,258336000
17240400,624044000,4660830,258546000
13153900,624166000,4712710,258757000
9066420,624241000,4764600,258968000
4978360,624270000,4816490,259179000
890281,624252000,4868390,259391000
-3197290,624188000,4920280,259604000
-7283830,624078000,4972150,259817000
-11368800,623921000,5024010,260031000
-15451700,623718000,5075840,260246000
-19531900,623468000,5127630,260461000
-23609000,623171000,5179390,260677000
-27682400,622828000,5231100,260893000
-31751500,622438000,5282750,261110000
-35815900,622002000,5334350,261327000
-39875000,621519000,5385870,261545000
-43928200,620990000,5437330,261764000
-47975000,620414000,5488700,261983000
-52014800,619791000,5539980,262203000
-56047200,619122000,5591170,262424000
-60071600,618407000,5642260,262645000
-64087300,617645000,5693230,262866000
-68094000,616836000,5744090,263088000
-72091000,615982000,5794830,263311000
-76077700,615081000,5845440,263535000
-80053700,614134000,5895920,263759000
-84018400,613141000,5946240,263983000
-87971300,612101000,5996420,264208000
-91911700,611016000,6046440,264434000
-95839200,609885000,6096300,264660000
-99753100,608709000,6145990,264887000
-103653000,607486000,6195490,265115000
-107538000,606218000,6244810,265343000
-111409000,604905000,6293940,265571000
-115263000,603547000,6342870,265801000
-119101000,602143000,6391600,266030000
-122923000,600695000,6440110,266261000
-126727000,599201000,6488400,266492000
-130513000,597663000,6536460,266723000
-134281000,596081000,6584290,266955000
-138030000,594454000,6631880,267188000
-141759000,592783000,6679220,267421000
-145468000,591068000,6726300,267655000
-149157000,589309000,6773130,267889000
-152824000,587507000,6819690,268124000
-156470000,585661000,6865970,268359000
-160094000,583772000,6911970,268595000
-163695000,581841000,6957680,268831000
-167272000,579866000,7003090,269068000
-170826000,577849000,7048210,269306000
-174356000,575790000,7093010,269544000
-177860000,573689000,7137500,269783000
-181340000,571547000,7181670,270022000
-184793000,569363000,7225510,270261000
-188220000,567137000,7269010,270502000
-191620000,564871000,7312170,270742000
-194992000,562564000,7354980,270984000
-198337000,560217000,7397440,271225000
-201653000,557830000,7439530,271468000
-204940000,555404000,7481260,271710000
-208198000,552937000,7522610,271954000
-211425000,550432000,7563590,272197000
-214623000,547888000,7604170,272442000
-217789000,545306000,7644370,272686000
-220923000,542686000,7684160,272931000
-224026000,540028000,7723550,273177000
-227097000,537332000,7762520,273423000
-230134000,534600000,7801080,273670000
-233138000,531831000,7839210,273917000
-236108000,529026000,7876920,274165000
-239044000,526185000,7914190,274413000
-241945000,523308000,7951010,274661000
-244811000,520396000,7987390,274910000
-247641000,517450000,8023320,275159000
-250435000,514470000,8058790,275409000
-253192000,511455000,8093790,275659000
-255913000,508407000,8128320,275910000
-258596000,505327000,8162380,276161000
-261241000,502213000,8195960,276412000
-263847000,499068000,8229040,276664000
-266415000,495891000,8261640,276917000
-268944000,492682000,8293740,277169000
-271433000,489443000,8325340,277422000
-273882000,486174000,8356430,277676000
-276291000,482875000,8387010,277930000
-278659000,479546000,8417070,278184000
-280986000,476189000,8446610,278438000
-283272000,472803000,8475630,278693000
-285515000,469389000,8504110,278949000
-287716000,465948000,8532050,279204000
-289875000,462480000,8559450,279460000
-291991000,458986000,8586310,279717000
-294063000,455466000,8612620,279973000
-296092000,451921000,8638370,280230000
-298077000,448350000,8663560,280487000
-300017000,444756000,8688200,280745000
-301913000,441138000,8712260,281003000
-303763000,437496000,8735750,281261000
-305569000,433832000,8758670,281519000
-307329000,430146000,8781010,281778000
-309043000,426439000,8802770,282037000
-310711000,422710000,8823940,282296000
-312332000,418961000,8844530,282556000
-313907000,415192000,8864520,282816000
-315434000,411404000,8883910,283076000
-316915000,407597000,8902700,283336000
-318348000,403772000,8920890,283597000
-319733000,399930000,8938480,283857000
-321071000,396071000,8955460,284118000
-322360000,392195000,8971820,284379000
-323601000,388303000,8987570,284641000
-324793000,384397000,9002710,284902000
-325936000,380476000,9017220,285164000
-327030000,376541000,9031110,285426000
-328076000,372592000,9044380,285688000
-329071000,368631000,9057020,285950000
-330018000,364658000,9069030,286213000
-330914000,360673000,9080410,286475000
-331761000,356677000,9091160,286738000
-332558000,352671000,9101270,287001000
-333304000,348656000,9110750,287263000
-334000000,344631000,9119590,287526000
-334646000,340598000,9127790,287790000
-335242000,336558000,9135350,288053000
-335787000,332510000,9142270,288316000
-336281000,328456000,9148540,288580000
-336724000,324395000,9154170,288843000
-337117000,320330000,9159150,289107000
-337459000,316260000,9163490,289370000
-337749000,312186000,9167180,289634000
-337989000,308109000,9170220,289898000
-338178000,304029000,9172620,290161000
-338315000,299947000,9174360,290425000
-338402000,295864000,9175460,290689000
-338437000,291779000,9175910,290953000
-338421000,287695000,9175710,291217000
-338354000,283611000,9174860,291480000
-338236000,279529000,9173360,291744000
-338067000,275448000,9171210,292008000
-337846000,271370000,9168410,292272000
-337575000,267294000,9164970,292535000
-337253000,263223000,9160880,292799000
-336880000,259156000,9156140,293062000
-336456000,255093000,9150760,293326000
-335981000,251037000,9144730,293589000
-335455000,246987000,9138060,293853000
-334879000,242943000,9130740,294116000
-334252000,238907000,9122790,294379000
-333575000,234879000,9114190,294642000
-332847000,230860000,9104950,294905000
-332070000,226851000,9095080,295168000
-331242000,222851000,9084570,295431000
-330364000,218862000,9073430,295693000
-329437000,214884000,9061660,295956000
-328460000,210918000,9049260,296218000
-327434000,206965000,9036230,296480000
-326358000,203025000,9022580,296742000
-325233000,199098000,9008300,297004000
-324060000,195186000,8993400,297266000
-322837000,191289000,8977880,297527000
-321567000,187407000,8961750,297788000
-320247000,183541000,8945010,298049000
-318880000,179693000,8927650,298310000
-317465000,175861000,8909690,298571000
-316003000,172047000,8891130,298831000
-314493000,168252000,8871960,299091000
-312936000,164476000,8852200,299351000
-311333000,160719000,8831840,299611000
-309682000,156983000,8810890,299870000
-307986000,153267000,8789360,300129000
-306243000,149573000,8767240,300388000
-304455000,145900000,8744540,300646000
-302622000,142250000,8721260,300905000
-300743000,138623000,8697410,301163000
-298820000,135019000,8673000,301420000
-296852000,131440000,8648020,301678000
-294840000,127885000,8622480,301935000
-292784000,124355000,8596380,302192000
-290685000,120851000,8569730,302448000
-288542000,117373000,8542530,302704000
-286357000,113922000,8514800,302960000
-284130000,110498000,8486520,303215000
-281860000,107101000,8457710,303470000
-279549000,103733000,8428370,303725000
-277197000,100393000,8398510,303979000
-274803000,97083100,8368120,304233000
-272369000,93802300,8337230,304487000
-269895000,90551600,8305820,304740000
-267381000,87331500,8273910,304993000
-264828000,84142400,8241500,305246000
-262236000,80984900,8208600,305498000
-259606000,77859200,8175200,305749000
-256937000,74766000,8141330,306000000
-254231000,71705600,8106980,306251000
-251488000,68678500,8072150,306502000
-248708000,65685000,8036860,306751000
-245891000,62725600,8001110,307001000
-243039000,59800800,7964900,307250000
-240151000,56910800,7928240,307499000
-237229000,54056200,7891140,307747000
-234272000,51237300,7853600,307995000
-231280000,48454500,7815630,308242000
-228256000,45708100,7777230,308489000
-225198000,42998600,7738420,308735000
-222107000,40326400,7699180,308981000
-218985000,37691600,7659550,309226000
-215830000,35094800,7619500,309471000
-212645000,32536300,7579070,309716000
-209429000,30016400,7538240,309960000
-206182000,27535400,7497030,310203000
-202906000,25093600,7455450,310446000
-199601000,22691400,7413490,310688000
-196268000,20329100,7371170,310930000
-192906000,18007000,7328490,311172000
-189516000,15725400,7285460,311413000
-186099000,13484600,7242090,311653000
-182656000,11284800,7198380,311893000
-179186000,9126320,7154340,312132000
-175691000,7009450,7109970,312371000
-172171000,4934440,7065280,312609000
-168627000,2901540,7020290,312847000
-165058000,910990,6974980,313084000
-161466000,-1036960,6929390,313321000
-157851000,-2942080,6883490,313557000
-154213000,-4804150,6837320,313793000
-150554000,-6622950,6790870,314028000
-146873000,-8398270,6744140,314262000
-143172000,-10129900,6697160,314496000
-139450000,-11817700,6649910,314730000
-135709000,-13461300,6602410,314962000
-131948000,-15060800,6554680,315195000
-128169000,-16615700,6506700,315426000
-124371000,-18126100,6458500,315657000
-120556000,-19591800,6410070,315888000
-116725000,-21012500,6361430,316118000
-112876000,-22388200,6312570,316347000
-109012000,-23718600,6263520,316576000
-105132000,-25003700,6214270,316804000
-101238000,-26243400,6164830,317032000
-97329200,-27437500,6115220,317259000
-93406800,-28585900,6065420,317486000
-89471200,-29688400,6015460,317712000
-85523100,-30745100,5965340,317937000
-81562800,-31755800,5915070,318162000
-77591100,-32720400,5864650,318386000
-73608300,-33638900,5814100,318610000
-69615200,-34511100,5763410,318833000
-65612100,-35337000,5712590,319055000
-61599800,-36116600,5661660,319277000
-57578600,-36849800,5610610,319498000
-53549200,-37536500,5559460,319719000
-49512100,-38176700,5508210,319939000
-45467900,-38770400,5456870,320158000
-41417100,-39317600,5405450,320377000
-37360200,-39818200,5353950,320596000
-33297800,-40272200,5302380,320813000
-29230400,-40679600,5250750,321030000
-25158500,-41040400,5199060,321247000
-21082800,-41354600,5147320,321463000
-17003700,-41622300,5095540,321678000
-12921700,-41843400,5043720,321893000
-8837500,-42018000,4991880,322107000
-4751500,-42146000,4940010,322321000
-664255,-42227600,4888120,322534000
3423690,-42262800,4836230,322746000
7511820,-42251600,4784330,322958000
11599600,-42194100,4732440,323169000
15686500,-42090300,4680560,323380000
19772000,-41940300,4628700,323590000
23855600,-41744200,4576860,323799000
27936800,-41502000,4525050,324008000
32015100,-41213900,4473280,324216000
36089800,-40879900,4421550,324424000
40160700,-40500100,4369880,324631000
44227000,-40074600,4318260,324838000
48288300,-39603500,4266700,325044000
52344200,-39087000,4215220,325249000
56394100,-38525100,4163810,325454000
60437400,-37917900,4112480,325658000
64473800,-37265700,4061240,325862000
68502700,-36568400,4010090,326065000
72523700,-35826400,3959050,326267000
76536100,-35039600,3908120,326469000
80539600,-34208300,3857290,326671000
84533700,-33332500,3806590,326872000
88517900,-32412600,3756020,327072000
92491600,-31448500,3705570,327272000
96454500,-30440500,3655270,327471000
100406000,-29388800,3605100,327669000
104346000,-28293500,3555090,327867000
108273000,-27154700,3505240,328065000
112188000,-25972800,3455540,328262000
116090000,-24747900,3406010,328458000
119977000,-23480100,3356660,328654000
123851000,-22169700,3307490,328849000
127710000,-20816900,3258500,329044000
131554000,-19421800,3209700,329238000
135383000,-17984800,3161100,329432000
139196000,-16505900,3112700,329625000
142992000,-14985500,3064500,329818000
146772000,-13423800,3016520,330010000
150534000,-11820900,2968760,330202000
154279000,-10177100,2921220,330393000
158006000,-8492660,2873920,330583000
161714000,-6767820,2826840,330773000
165403000,-5002810,2780010,330963000
169073000,-3197880,2733420,331152000
172724000,-1353280,2687080,331340000
176354000,530737,2641000,331528000
179963000,2453910,2595180,331716000
183552000,4415970,2549620,331903000
187119000,6416650,2504340,332089000
190665000,8455700,2459330,332276000
194188000,10532800,2414610,332461000
197689000,12647800,2370160,332646000
201167000,14800200,2326010,332831000
204622000,16989900,2282160,333015000
208053000,19216600,2238600,333199000
211460000,21479900,2195350,333382000
214842000,23779600,2152410,333565000
218200000,26115300,2109790,333747000
221533000,28486900,2067480,333929000
224840000,30893900,2025500,334110000
228122000,33336100,1983850,334291000
231377000,35813100,1942520,334472000
234605000,38324700,1901540,334652000
237807000,40870600,1860890,334831000
240982000,43450300,1820600,335010000
244129000,46063600,1780650,335189000
247248000,48710200,1741050,335368000
250339000,51389800,1701820,335546000
253401000,54101900,1662940,335723000
256434000,56846400,1624440,335900000
259439000,59622800,1586300,336077000
262413000,62430800,1548530,336253000
265358000,65270200,1511150,336429000
268273000,68140400,1474150,336605000
271158000,71041200,1437530,336780000
274012000,73972300,1401300,336954000
276834000,76933300,1365470,337129000
279626000,79923900,1330030,337303000
282386000,82943600,1295000,337476000
285114000,85992200,1260370,337650000
287810000,89069200,1226140,337822000
290473000,92174400,1192330,337995000
293104000,95307400,1158940,338167000
295702000,98467700,1125960,338339000
298267000,101655000,1093400,338510000
300798000,104869000,1061270,338682000
303296000,108110000,1029560,338852000
305759000,111376000,998288,339023000
308189000,114668000,967448,339193000
310584000,117985000,937046,339363000
312944000,121327000,907084,339532000
315269000,124693000,877566,339702000
317559000,128083000,848494,339871000
319814000,131497000,819871,340039000
322033000,134934000,791701,340207000
324217000,138394000,763985,340376000
326364000,141877000,736726,340543000
328475000,145382000,709928,340711000
330550000,148908000,683593,340878000
332588000,152456000,657723,341045000
334589000,156025000,632321,341211000
336553000,159614000,607389,341378000
338479000,163224000,582930,341544000
340369000,166853000,558947,341710000
342220000,170501000,535441,341875000
344034000,174169000,512414,342041000
345810000,177855000,489870,342206000
347548000,181559000,467811,342371000
349247000,185281000,446237,342536000
350908000,189021000,425152,342700000
352531000,192777000,404558,342864000
354114000,196550000,384456,343028000
355659000,200339000,364848,343192000
357164000,204143000,345737,343356000
358631000,207963000,327124,343519000
360058000,211798000,309010,343683000
361445000,215648000,291399,343846000
362793000,219511000,274290,344009000
364101000,223388000,257687,344171000
365369000,227279000,241590,344334000
366597000,231182000,226001,344496000
367785000,235097000,210922,344659000
368932000,239025000,196354,344821000
370039000,242964000,182298,344983000
371106000,246914000,168756,345144000
372132000,250876000,155728,345306000
373118000,254847000,143217,345468000
374063000,258828000,131223,345629000
374967000,262819000,119748,345790000
375830000,266819000,108793,345951000
376652000,270827000,98357.5,346112000
377433000,274844000,88444.1,346273000
378173000,278869000,79053.3,346434000
378871000,282900000,70185.8,346595000
379528000,286939000,61842.6,346756000
380144000,290985000,54024.5,346916000
380719000,295036000,46732.1,347077000
381252000,299093000,39966.2,347237000
381743000,303155000,33727.4,347398000
382193000,307223000,28016.3,347558000
382601000,311294000,22833.3,347718000
382968000,315370000,18179.1,347878000
383293000,319449000,14054.1,348039000
383576000,323531000,10458.5,348199000
383818000,327616000,7392.8,348359000
384017000,331703000,4857.25,348519000
384175000,335792000,2852.09,348679000
384291000,339882000,1377.5,348839000
384366000,343973000,433.62,348999000
384398000,348065000,20.5382,349159000
384389000,352157000,138.294,349319000
384338000,356249000,786.876,349479000
384245000,360340000,1966.22,349639000
384110000,364429000,3676.23,349799000
383934000,368518000,5916.72,349959000
383716000,372604000,8687.51,350119000
383456000,376688000,11988.3,350279000
383154000,380768000,15818.8,350439000
382810000,384846000,20178.7,350600000
382425000,388920000,25067.6,350760000
381999000,392989000,30484.9,350920000
381530000,397054000,36430.2,351080000
381020000,401114000,42902.9,351241000
380469000,405169000,49902.5,351401000
379876000,409218000,57428.2,351562000
379242000,413260000,65479.4,351722000
378566000,417296000,74055.3,351883000
377849000,421325000,83155,352044000
377091000,425346000,92777.9,352205000
376292000,429359000,102923,352366000
375452000,433364000,113589,352527000
374571000,437360000,124775,352688000
373649000,441346000,136481,352850000
372686000,445323000,148704,353011000
371682000,449290000,161444,353173000
370638000,453246000,174700,353334000
369553000,457192000,188471,353496000
368428000,461126000,202754,353658000
367262000,465048000,217549,353820000
366057000,468958000,232855,353983000
364811000,472856000,248669,354145000
363525000,476740000,264991,354308000
362200000,480612000,281818,354471000
360834000,484469000,299150,354634000
359429000,488312000,316985,354797000
357985000,492140000,335320,354960000
356501000,495953000,354154,355124000
354978000,499751000,373486,355287000
353417000,503533000,393313,355451000
351816000,507298000,413634,355615000
350176000,511047000,434446,355780000
348498000,514779000,455748,355944000
346782000,518493000,477538,356109000
345027000,522189000,499813,356274000
343234000,525867000,522571,356439000
341404000,529527000,545810,356605000
339535000,533167000,569528,356771000
337629000,536787000,593723,356937000
335686000,540388000,618392,357103000
333705000,543968000,643532,357269000
331688000,547527000,669142,357436000
329634000,551066000,695219,357603000
327543000,554583000,721760,357770000
325416000,558078000,748763,357938000
323253000,561550000,776225,358106000
321053000,565000000,804143,358274000
318818000,568427000,832515,358442000
316548000,571831000,861337,358611000
314242000,575211000,890607,358780000
311901000,578566000,920323,358950000
309525000,581897000,950480,359119000
307115000,585203000,981076,359289000
304671000,588483000,1012110,359460000
302192000,591738000,1043570,359630000
299679000,594967000,1075470,359801000
297133000,598169000,1107790,359972000
294554000,601345000,1140540,360144000
291941000,604493000,1173700,360316000
289296000,607614000,1207280,360488000
286618000,610706000,1241280,360661000
283907000,613771000,1275680,360834000
281165000,616807000,1310490,361007000
278391000,619813000,1345710,361181000
275586000,622791000,1381320,361355000
272749000,625739000,1417330,361530000
269882000,628656000,1453730,361705000
266984000,631544000,1490520,361880000
264056000,634400000,1527690,362056000
261097000,637226000,1565240,362232000
258109000,640020000,1603170,362408000
255092000,642782000,1641470,362585000
252046000,645512000,1680140,362763000
248971000,648210000,1719180,362940000
245867000,650875000,1758580,363118000
242736000,653507000,1798330,363297000
239577000,656105000,1838430,363476000
236390000,658670000,1878880,363655000
233176000,661201000,1919680,363835000
229936000,663697000,1960820,364015000
226669000,666159000,2002290,364196000
223376000,668585000,2044090,364377000
220057000,670977000,2086210,364559000
216714000,673332000,2128660,364741000
213345000,675652000,2171430,364923000
209951000,677936000,2214500,365106000
206534000,680183000,2257890,365290000
203092000,682393000,2301580,365474000
199627000,684566000,2345560,365658000
196139000,686702000,2389850,365843000
192628000,688800000,2434410,366028000
189095000,690861000,2479270,366214000
185539000,692883000,2524400,366400000
181963000,694866000,2569800,366587000
178365000,696811000,2615480,366774000
174746000,698717000,2661410,366962000
171107000,700583000,2707610,367150000
167448000,702410000,2754060,367339000
163769000,704198000,2800760,367528000
160071000,705945000,2847700,367718000
156355000,707652000,2894880,367908000
152620000,709318000,2942290,368099000
148867000,710944000,2989920,368290000
145097000,712529000,3037780,368482000
141310000,714072000,3085860,368674000
137506000,715574000,3134140,368867000
133686000,717034000,3182630,369061000
129851000,718453000,3231320,369255000
126000000,719829000,3280210,369449000
122134000,721163000,3329280,369644000
118254000,722455000,3378530,369840000
114360000,723703000,3427970,370036000
110453000,724909000,3477570,370232000
106532000,726072000,3527340,370430000
102599000,727192000,3577260,370627000
98654400,728268000,3627340,370826000
94697800,729300000,3677570,371025000
90730000,730289000,3727940,371224000
86751500,731233000,3778440,371424000
82762900,732133000,3829070,371624000
78764600,732990000,3879830,371825000
74757000,733801000,3930700,372027000
70740800,734568000,3981680,372229000
66716200,735290000,4032770,372432000
62684000,735967000,4083960,372635000
58644400,736600000,4135240,372839000
54598100,737187000,4186600,373044000
50545500,737729000,4238050,373249000
46487100,738225000,4289570,373455000
42423500,738676000,4341150,373661000
38355100,739081000,4392800,373868000
34282500,739441000,4444500,374075000
30206100,739754000,4496240,374283000
26126500,740022000,4548030,374491000
22044200,740244000,4599850,374701000
17959700,740419000,4651700,374910000
13873500,740549000,4703580,375121000
9786110,740632000,4755460,375331000
5698110,740669000,4807360,375543000
1610000,740660000,4859250,375755000
-2477700,740604000,4911140,375968000
-6564460,740502000,4963020,376181000
-10649800,740353000,5014880,376395000
-14733000,740158000,5066710,376609000
-18813800,739916000,5118520,376824000
-22891500,739628000,5170280,377040000
-26965500,739293000,5222000,377256000
-31035500,738911000,5273660,377473000
-35100700,738483000,5325270,377690000
-39160800,738009000,5376810,377908000
-43215000,737487000,5428270,378127000
-47263000,736920000,5479660,378346000
-51304100,736305000,5530960,378566000
-55337900,735644000,5582160,378786000
-59363700,734937000,5633270,379007000
-63381000,734183000,5684270,379228000
-67389300,733383000,5735150,379450000
-71388000,732537000,5785910,379673000
-75376600,731644000,5836540,379896000
-79354500,730705000,5887040,380120000
-83321300,729720000,5937390,380345000
-87276200,728689000,5987600,380570000
-91218900,727612000,6037650,380795000
-95148700,726489000,6087540,381022000
-99065000,725320000,6137250,381248000
-102967000,724106000,6186790,381476000
-106855000,722846000,6236140,381704000
-110728000,721541000,6285310,381932000
-114586000,720190000,6334270,382161000
-118427000,718795000,6383030,382391000
-122251000,717354000,6431580,382621000
-126058000,715868000,6479910,382852000
-129848000,714338000,6528010,383083000
-133619000,712764000,6575890,383315000
-137371000,711144000,6623520,383548000
-141104000,709481000,6670900,383781000
-144816000,707774000,6718030,384014000
-148509000,706023000,6764900,384249000
-152180000,704228000,6811510,384483000
-155830000,702390000,6857840,384719000
-159457000,700509000,6903890,384954000
-163062000,698585000,6949650,385191000
-166644000,696618000,6995120,385428000
-170202000,694609000,7040290,385665000
-173736000,692557000,7085150,385903000
-177245000,690463000,7129690,386142000
-180729000,688328000,7173920,386381000
-184187000,686151000,7217810,386620000
-187618000,683933000,7261370,386860000
-191023000,681674000,7304600,387101000
-194401000,679375000,7347470,387342000
-197750000,677035000,7389990,387584000
-201071000,674655000,7432150,387826000
-204364000,672235000,7473940,388069000
-207626000,669776000,7515360,388312000
-210859000,667277000,7556400,388555000
-214062000,664740000,7597060,388800000
-217234000,662165000,7637320,389044000
-220374000,659551000,7677180,389289000
-223482000,656900000,7716640,389535000
-226558000,654211000,7755690,389781000
-229602000,651485000,7794320,390028000
-232612000,648722000,7832530,390275000
-235588000,645923000,7870310,390522000
-238530000,643089000,7907660,390770000
-241437000,640218000,7944560,391018000
-244309000,637313000,7981020,391267000
-247145000,634373000,8017030,391517000
-249946000,631398000,8052580,391766000
-252710000,628390000,8087660,392016000
-255436000,625348000,8122280,392267000
-258126000,622273000,8156420,392518000
-260778000,619165000,8190080,392769000
-263391000,616025000,8223250,393021000
-265966000,612853000,8255940,393273000
-268502000,609651000,8288130,393526000
-270998000,606417000,8319820,393779000
-273454000,603153000,8351000,394032000
-275870000,599859000,8381670,394286000
-278245000,596535000,8411820,394540000
-280580000,593183000,8441450,394795000
-282872000,589802000,8470560,395050000
-285123000,586393000,8499130,395305000
-287332000,582957000,8527170,395560000
-289498000,579494000,8554670,395816000
-291622000,576004000,8581620,396073000
-293702000,572489000,8608020,396329000
-295738000,568948000,8633880,396586000
-297730000,565382000,8659170,396843000
-299679000,561792000,8683900,397101000
-301582000,558178000,8708060,397359000
-303441000,554540000,8731660,397617000
-305254000,550880000,8754680,397875000
-307022000,547198000,8777120,398134000
-308744000,543494000,8798980,398393000
-310420000,539769000,8820260,398652000
-312050000,536024000,8840940,398911000
-313633000,532258000,8861040,399171000
-315169000,528474000,8880540,399431000
-316658000,524670000,8899440,399691000
-318099000,520848000,8917740,399952000
-319493000,517009000,8935430,400213000
-320839000,513152000,8952510,400473000
-322136000,509280000,8968980,400735000
-323386000,505391000,8984840,400996000
-324586000,501487000,9000090,401257000
-325738000,497568000,9014710,401519000
-326841000,493636000,9028710,401781000
-327895000,489689000,9042090,402043000
-328900000,485730000,9054840,402305000
-329855000,481759000,9066960,402567000
-330760000,477776000,9078450,402830000
-331615000,473783000,9089310,403093000
-332421000,469779000,9099540,403355000
-333176000,465765000,9109130,403618000
-333882000,461742000,9118080,403881000
-334536000,457710000,9126390,404144000
-335141000,453671000,9134070,404408000
-335694000,449624000,9141100,404671000
-336198000,445571000,9147480,404934000
-336650000,441512000,9153230,405198000
-337051000,437447000,9158320,405461000
-337402000,433378000,9162770,405725000
-337702000,429305000,9166580,405989000
-337950000,425228000,9169730,406252000
-338148000,421149000,9172240,406516000
-338295000,417067000,9174100,406780000
-338390000,412984000,9175310,407044000
-338434000,408900000,9175880,407307000
-338427000,404815000,9175790,407571000
-338370000,400732000,9175050,407835000
-338260000,396649000,9173670,408099000
-338100000,392568000,9171640,408363000
-337889000,388489000,9168950,408626000
-337627000,384413000,9165620,408890000
-337313000,380341000,9161650,409154000
-336949000,376273000,9157020,409417000
-336534000,372209000,9151750,409681000
-336068000,368152000,9145840,409944000
-335551000,364100000,9139280,410208000
-334984000,360056000,9132080,410471000
-334366000,356018000,9124230,410734000
-333698000,351989000,9115750,410997000
-332979000,347968000,9106630,411260000
-332210000,343957000,9096870,411523000
-331391000,339956000,9086470,411786000
-330522000,335965000,9075440,412048000
-329604000,331985000,9063780,412311000
-328636000,328017000,9051490,412573000
-327618000,324061000,9038570,412835000
-326551000,320119000,9025030,413097000
-325435000,316190000,9010860,413359000
-324270000,312275000,8996070,413621000
-323056000,308375000,8980660,413882000
-321794000,304491000,8964640,414143000
-320483000,300622000,8948000,414404000
-319125000,296770000,8930750,414665000
-317718000,292935000,8912900,414926000
-316264000,289118000,8894440,415186000
-314762000,285320000,8875380,415446000
-313214000,281540000,8855720,415706000
-311618000,277780000,8835470,415966000
-309976000,274040000,8814620,416226000
-308288000,270321000,8793190,416485000
-306554000,266623000,8771170,416744000
-304773000,262946000,8748580,417002000
-302948000,259292000,8725400,417260000
-301077000,255661000,8701650,417519000
-299162000,252053000,8677340,417776000
-297202000,248470000,8652460,418034000
-295197000,244910000,8627010,418291000
-293149000,241376000,8601010,418548000
-291058000,237867000,8574460,418804000
-288923000,234385000,8547360,419060000
-286745000,230929000,8519720,419316000
-284525000,227500000,8491540,419572000
-282263000,224098000,8462820,419827000
-279959000,220725000,8433570,420081000
-277614000,217380000,8403800,420336000
-275227000,214065000,8373510,420590000
-272801000,210779000,8342700,420844000
-270334000,207523000,8311390,421097000
-267827000,204297000,8279560,421350000
-265281000,201103000,8247240,421602000
-262695000,197940000,8214420,421854000
-260072000,194808000,8181120,422106000
-257410000,191709000,8147330,422357000
-254710000,188643000,8113060,422608000
-251974000,185610000,8078320,422859000
-249200000,182611000,8043110,423109000
-246390000,179645000,8007440,423358000
-243544000,176714000,7971310,423607000
-240662000,173818000,7934730,423856000
-237746000,170957000,7897710,424104000
-234795000,168132000,7860240,424352000
-231809000,165343000,7822350,424600000
-228790000,162590000,7784020,424846000
-225738000,159874000,7745280,425093000
-222654000,157195000,7706120,425339000
-219537000,154554000,7666550,425584000
-216388000,151950000,7626580,425829000
-213208000,149385000,7586210,426074000
-209997000,146858000,7545460,426318000
-206756000,144370000,7504310,426561000
-203485000,141922000,7462790,426804000
-200185000,139513000,7420900,427047000
-196857000,137143000,7378650,427289000
-193500000,134814000,7336030,427530000
-190115000,132525000,7293060,427771000
-186703000,130277000,7249750,428012000
-183264000,128070000,7206100,428252000
-179799000,125904000,7162110,428491000
-176308000,123780000,7117800,428730000
-172793000,121698000,7073170,428969000
-169252000,119658000,7028230,429206000
-165688000,117660000,6982980,429444000
-162100000,115704000,6937430,429680000
-158489000,113791000,6891590,429917000
-154855000,111922000,6845470,430152000
-151200000,110095000,6799060,430388000
-147523000,108312000,6752390,430622000
-143825000,106573000,6705450,430856000
-140107000,104877000,6658250,431090000
-136369000,103226000,6610790,431322000
-132611000,101619000,6563100,431555000
-128835000,100056000,6515160,431787000
-125041000,98537700,6467000,432018000
-121229000,97064200,6418610,432249000
-117400000,95635500,6370010,432479000
-113555000,94251900,6321190,432708000
-109693000,92913500,6272170,432937000
-105816000,91620400,6222960,433165000
-101925000,90372700,6173550,433393000
-98018400,89170600,6123960,433620000
-94098300,88014100,6074200,433847000
-90165100,86903500,6024270,434073000
-86219100,85838700,5974180,434299000
-82260900,84819900,5923930,434523000
-78291100,83847200,5873540,434748000
-74310300,82920600,5823010,434971000
-70318900,82040200,5772340,435195000
-66317600,81206200,5721540,435417000
-62306800,80418400,5670630,435639000
-58287200,79677100,5619600,435860000
-54259200,78982200,5568470,436081000
-50223400,78333800,5517240,436301000
-46180400,77731900,5465920,436521000
-42130700,77176500,5414510,436740000
-38074800,76667700,5363020,436958000
-34013400,76205500,5311470,437176000
-29946800,75789900,5259840,437393000
-25875700,75420900,5208160,437610000
-21800600,75098500,5156430,437826000
-17722100,74822600,5104660,438041000
-13640600,74593300,5052850,438256000
-9556710,74410600,5001010,438471000
-5470970,74274300,4949140,438684000
-1383910,74184500,4897260,438897000
2703950,74141200,4845360,439110000
6792090,74144200,4793470,439322000
10880000,74193600,4741580,439533000
14967100,74289200,4689690,439744000
19052900,74431100,4637830,439954000
23136900,74619100,4585980,440163000
27218500,74853200,4534170,440372000
31297300,75133200,4482390,440581000
35372700,75459200,4430660,440789000
39444300,75830900,4378970,440996000
43511400,76248400,4327340,441202000
47573700,76711400,4275770,441409000
51630600,77220000,4224280,441614000
55681500,77773900,4172850,441819000
59726100,78373100,4121510,442023000
63763700,79017400,4070250,442227000
67794000,79706700,4019090,442430000
71816400,80440900,3968030,442633000
75830300,81219800,3917080,442835000
79835500,82043300,3866230,443036000
83831200,82911200,3815510,443237000
87817200,83823400,3764910,443438000
91792800,84779700,3714440,443638000
95757700,85780000,3664110,443837000
99711200,86824000,3613920,444035000
103653000,87911700,3563890,444234000
107583000,89042800,3514000,444431000
111500000,90217100,3464280,444628000
115404000,91434500,3414720,444825000
119294000,92694700,3365340,445021000
123170000,93997600,3316130,445216000
127032000,95343000,3267110,445411000
130879000,96730600,3218280,445605000
134710000,98160300,3169640,445799000
138526000,99631800,3121200,445992000
142325000,101145000,3072970,446185000
146108000,102699000,3024950,446377000
149873000,104295000,2977150,446569000
153621000,105932000,2929580,446760000
157351000,107609000,2882230,446951000
161063000,109327000,2835110,447141000
164755000,111085000,2788240,447331000
168429000,112883000,2741600,447520000
172082000,114720000,2695220,447708000
175716000,116597000,2649090,447896000
179329000,118514000,2603230,448084000
182922000,120469000,2557630,448271000
186493000,122463000,2512290,448458000
190042000,124495000,2467240,448644000
193570000,126566000,2422460,448830000
197074000,128674000,2377970,449015000
200556000,130820000,2333770,449199000
204015000,133003000,2289860,449384000
207451000,135223000,2246250,449567000
210862000,137480000,2202950,449751000
214249000,139773000,2159950,449934000
217611000,142103000,2117270,450116000
220948000,144468000,2074910,450298000
224260000,146869000,2032870,450479000
227546000,149305000,1991160,450660000
230806000,151776000,1949770,450841000
234039000,154281000,1908730,451021000
237245000,156821000,1868030,451201000
240425000,159395000,1827670,451380000
243577000,162002000,1787660,451559000
246701000,164643000,1748000,451737000
249796000,167317000,1708700,451915000
252864000,170023000,1669760,452093000
255902000,172762000,1631190,452270000
258912000,175533000,1592990,452447000
261892000,178335000,1555160,452623000
264842000,181169000,1517700,452799000
267762000,184034000,1480630,452975000
270652000,186929000,1443950,453150000
273511000,189855000,1407650,453325000
276340000,192811000,1371750,453499000
279137000,195796000,1336240,453673000
281902000,198811000,1301140,453847000
284636000,201855000,1266440,454020000
287338000,204927000,1232140,454193000
290007000,208027000,1198260,454366000
292643000,211155000,1164790,454538000
295247000,214311000,1131730,454710000
297818000,217493000,1099100,454881000
300355000,220703000,1066890,455053000
302859000,223938000,1035110,455224000
305328000,227200000,1003760,455394000
307764000,230487000,972846,455564000
310165000,233800000,942367,455734000
312531000,237138000,912327,455904000
314862000,240500000,882731,456073000
317159000,243886000,853580,456242000
319420000,247295000,824878,456411000
321645000,250729000,796627,456579000
323835000,254185000,768831,456747000
325989000,257663000,741492,456915000
328106000,261164000,714613,457082000
330187000,264687000,688195,457250000
332231000,268231000,662243,457417000
334239000,271796000,636759,457583000
336210000,275382000,611744,457750000
338143000,278988000,587202,457916000
340039000,282614000,563134,458082000
341897000,286259000,539544,458247000
343718000,289923000,516433,458413000
345500000,293606000,493804,458578000
347245000,297307000,471659,458743000
348951000,301026000,450000,458908000
350619000,304762000,428829,459072000
352248000,308516000,408148,459237000
353838000,312286000,387959,459401000
355390000,316072000,368264,459565000
356902000,319874000,349065,459728000
358375000,323691000,330364,459892000
359809000,327523000,312163,460055000
361204000,331370000,294463,460218000
362558000,335231000,277266,460381000
363873000,339106000,260574,460544000
365148000,342994000,244387,460706000
366383000,346895000,228709,460869000
367578000,350808000,213540,461031000
368733000,354734000,198882,461193000
369847000,358671000,184735,461355000
370921000,362619000,171103,461517000
371955000,366579000,157984,461679000
372947000,370548000,145382,461840000
373899000,374528000,133297,462002000
374811000,378517000,121731,462163000
375681000,382515000,110684,462324000
376510000,386522000,100157,462485000
377298000,390537000,90151.6,462646000
378045000,394561000,80668.7,462807000
378751000,398591000,71709,462968000
379416000,402629000,63273.5,463129000
380039000,406673000,55362.8,463289000
380621000,410723000,47977.8,463450000
381161000,414780000,41119.2,463610000
381660000,418841000,34787.5,463771000
382117000,422907000,28983.5,463931000
382532000,426978000,23707.5,464091000
382906000,431053000,18960.2,464251000
383239000,435131000,14741.9,464412000
383529000,439213000,11053.1,464572000
383778000,443297000,7894.1,464732000
383985000,447384000,5265.19,464892000
384151000,451473000,3166.64,465052000
384274000,455563000,1598.62,465212000
384356000,459654000,561.3,465372000
384396000,463746000,54.7628,465532000
384394000,467838000,79.0599,465692000
384350000,471930000,634.189,465852000
384265000,476021000,1720.1,466012000
384137000,480111000,3336.69,466172000
383968000,484199000,5483.8,466332000
383757000,488286000,8161.24,466492000
383504000,492370000,11368.8,466652000
383210000,496451000,15106,466812000
382874000,500529000,19372.8,466972000
382496000,504604000,24168.5,467133000
382077000,508674000,29492.8,467293000
381616000,512740000,35345.2,467453000
381113000,516801000,41725.1,467614000
380569000,520857000,48632,467774000
379983000,524907000,56065.1,467935000
379356000,528950000,64023.9,468095000
378688000,532987000,72507.4,468256000
377979000,537017000,81515,468417000
377228000,541040000,91045.8,468578000
376436000,545054000,101099,468739000
375603000,549060000,111673,468900000
374729000,553058000,122768,469061000
373814000,557046000,134382,469222000
372858000,561025000,146514,469384000
371862000,564993000,159164,469545000
370825000,568952000,172329,469707000
369747000,572899000,186009,469869000
368629000,576835000,200202,470031000
367471000,580760000,214907,470193000
366272000,584672000,230123,470355000
365033000,588572000,245848,470518000
363754000,592459000,262081,470680000
362436000,596332000,278819,470843000
361078000,600192000,296062,471006000
359680000,604037000,313808,471169000
358242000,607868000,332056,471332000
356765000,611684000,350802,471496000
355249000,615485000,370047,471660000
353694000,619269000,389787,471824000
352100000,623038000,410021,471988000
350468000,626790000,430746,472152000
348796000,630524000,451962,472316000
347087000,634242000,473666,472481000
345339000,637941000,495856,472646000
343553000,641622000,518529,472811000
341729000,645285000,541684,472977000
339867000,648928000,565318,473143000
337967000,652552000,589429,473309000
336031000,656156000,614014,473475000
334057000,659740000,639072,473641000
332046000,663303000,664600,473808000
329998000,666846000,690594,473975000
327914000,670366000,717054,474142000
325793000,673865000,743976,474310000
323636000,677342000,771357,474477000
321443000,680796000,799195,474646000
319214000,684227000,827487,474814000
316950000,687634000,856230,474983000
314650000,691018000,885422,475152000
312316000,694378000,915059,475321000
309946000,697713000,945139,475490000
307542000,701024000,975658,475660000
305103000,704309000,1006610,475831000
302631000,707568000,1038000,476001000
300124000,710801000,1069820,476172000
297584000,714008000,1102070,476343000
295010000,717189000,1134740,476515000
292403000,720342000,1167830,476687000
289764000,723467000,1201340,476859000
287092000,726565000,1235260,477032000
284387000,729634000,1269600,477205000
281650000,732675000,1304340,477378000
278882000,735687000,1339480,477552000
276082000,738670000,1375020,477726000
273251000,741623000,1410960,477900000
270389000,744546000,1447290,478075000
267496000,747439000,1484010,478250000
264573000,750301000,1521120,478426000
261620000,753132000,1558600,478602000
258638000,755931000,1596470,478778000
255625000,758699000,1634700,478955000
252584000,761435000,1673310,479132000
249514000,764138000,1712280,479310000
246416000,766809000,1751610,479488000
243289000,769447000,1791300,479667000
240135000,772051000,1831350,479845000
236953000,774622000,1871740,480025000
233744000,777159000,1912470,480205000
230508000,779661000,1953550,480385000
227246000,782129000,1994960,480565000
223958000,784562000,2036700,480746000
220644000,786959000,2078770,480928000
217304000,789321000,2121170,481110000
213940000,791647000,2163870,481292000
210550000,793937000,2206900,481475000
207137000,796191000,2250230,481658000
203700000,798408000,2293860,481842000
200239000,800587000,2337800,482027000
196755000,802730000,2382030,482211000
193248000,804835000,2426550,482397000
189718000,806902000,2471350,482582000
186167000,808930000,2516430,482768000
182594000,810921000,2561790,482955000
179000000,812873000,2607420,483142000
175384000,814785000,2653310,483330000
171749000,816659000,2699460,483518000
168093000,818493000,2745860,483707000
164418000,820287000,2792520,483896000
160724000,822041000,2839420,484086000
157010000,823755000,2886550,484276000
153279000,825429000,2933920,484466000
149529000,827062000,2981520,484658000
145762000,828654000,3029340,484849000
141978000,830204000,3077380,485042000
138177000,831714000,3125630,485234000
134360000,833181000,3174080,485428000
130527000,834607000,3222740,485622000
126679000,835991000,3271590,485816000
122816000,837333000,3320630,486011000
118938000,838632000,3369850,486206000
115047000,839888000,3419250,486402000
111142000,841101000,3468820,486599000
107224000,842272000,3518560,486796000
103293000,843399000,3568460,486994000
99349800,844482000,3618510,487192000
95395200,845523000,3668710,487391000
91429300,846519000,3719060,487590000
87452700,847471000,3769540,487790000
83465900,848379000,3820150,487990000
79469200,849243000,3870880,488191000
75463200,850063000,3921740,488393000
71448500,850837000,3972700,488595000
67425400,851567000,4023770,488797000
63394400,852253000,4074940,489001000
59356100,852893000,4126210,489205000
55310900,853488000,4177560,489409000
51259400,854038000,4228990,489614000
47202000,854542000,4280490,489819000
43139300,855001000,4332070,490026000
39071700,855414000,4383700,490232000
34999800,855782000,4435390,490440000
30924100,856103000,4487130,490647000
26845000,856379000,4538910,490856000
22763100,856609000,4590730,491065000
18678900,856793000,4642570,491274000
14593000,856931000,4694440,491485000
10505800,857022000,4746330,491695000
6417850,857067000,4798220,491907000
2329720,857066000,4850120,492119000
-1758090,857018000,4902010,492331000
-5845050,856924000,4953890,492544000
-9930640,856784000,5005750,492758000
-14014300,856597000,5057590,492973000
-18095500,856363000,5109400,493187000
-22173800,856083000,5161170,493403000
-26248600,855756000,5212900,493619000
-30319300,855383000,5264570,493836000
-34385400,854963000,5316190,494053000
-38446400,854497000,5367740,494271000
-42501700,853984000,5419220,494489000
-46550800,853424000,5470620,494708000
-50593200,852818000,5521930,494928000
-54628300,852165000,5573160,495148000
-58655500,851466000,5624280,495369000
-62674300,850721000,5675300,495590000
-66684300,849929000,5726200,495812000
-70684700,849090000,5776980,496035000
-74675100,848206000,5827640,496258000
-78655000,847275000,5878160,496482000
-82623700,846298000,5928540,496706000
-86580800,845275000,5978770,496931000
-90525700,844206000,6028850,497157000
-94457800,843091000,6078760,497383000
-98376500,841930000,6128510,497610000
-102281000,840724000,6178080,497837000
-106172000,839472000,6227470,498065000
-110048000,838175000,6276670,498293000
-113908000,836833000,6325670,498522000
-117752000,835445000,6374460,498752000
-121579000,834012000,6423050,498982000
-125389000,832534000,6471420,499212000
-129182000,831012000,6519560,499444000
-132956000,829445000,6567470,499676000
-136712000,827834000,6615150,499908000
-140448000,826178000,6662580,500141000
-144164000,824479000,6709750,500374000
-147860000,822735000,6756670,500609000
-151535000,820949000,6803320,500843000
-155189000,819118000,6849700,501078000
-158820000,817244000,6895800,501314000
-162429000,815328000,6941620,501550000
-166015000,813369000,6987140,501787000
-169578000,811367000,7032360,502025000
-173116000,809322000,7077270,502262000
-176629000,807236000,7121870,502501000
-180117000,805108000,7166150,502740000
-183580000,802939000,7210110,502979000
-187016000,800728000,7253730,503219000
-190426000,798476000,7297010,503460000
-193808000,796184000,7339950,503701000
-197162000,793851000,7382530,503942000
-200489000,791478000,7424750,504184000
-203786000,789065000,7466610,504427000
-207054000,786613000,7508100,504670000
-210292000,784121000,7549200,504914000
-213500000,781591000,7589930,505158000
-216677000,779022000,7630260,505402000
-219823000,776415000,7670190,505647000
-222937000,773770000,7709720,505893000
-226019000,771088000,7748840,506139000
-229068000,768369000,7787550,506385000
-232084000,765612000,7825830,506632000
-235066000,762820000,7863690,506880000
-238014000,759991000,7901110,507128000
-240928000,757127000,7938100,507376000
-243806000,754228000,7974630,507625000
-246649000,751294000,8010720,507874000
-249455000,748325000,8046350,508123000
-252226000,745323000,8081520,508373000
-254959000,742287000,8116220,508624000
-257655000,739217000,8150440,508875000
-260314000,736116000,8184190,509126000
-262934000,732981000,8217450,509378000
-265515000,729815000,8250220,509630000
-268058000,726618000,8282500,509883000
-270561000,723390000,8314270,510135000
-273024000,720131000,8345540,510389000
-275448000,716842000,8376300,510642000
-277830000,713524000,8406550,510897000
-280172000,710176000,8436270,511151000
-282472000,706801000,8465470,511406000
-284730000,703397000,8494140,511661000
-286946000,699965000,8522270,511916000
-289120000,696507000,8549870,512172000
-291251000,693022000,8576910,512429000
-293338000,689511000,8603420,512685000
-295383000,685974000,8629360,512942000
-297383000,682413000,8654760,513199000
-299339000,678827000,8679590,513456000
-301250000,675217000,8703850,513714000
-303117000,671583000,8727550,513972000
-304938000,667927000,8750670,514231000
-306714000,664249000,8773210,514489000
-308444000,660549000,8795180,514748000
-310129000,656828000,8816560,515007000
-311766000,653086000,8837350,515267000
-313358000,649324000,8857540,515527000
-314902000,645542000,8877150,515786000
-316399000,641742000,8896150,516047000
-317849000,637924000,8914560,516307000
-319251000,634087000,8932360,516568000
-320605000,630234000,8949550,516829000
-321911000,626364000,8966130,517090000
-323169000,622478000,8982100,517351000
-324378000,618576000,8997450,517612000
-325539000,614660000,9012180,517874000
-326651000,610730000,9026290,518136000
-327713000,606786000,9039780,518398000
-328726000,602830000,9052640,518660000
-329690000,598860000,9064870,518922000
-330604000,594880000,9076480,519185000
-331468000,590888000,9087450,519448000
-332283000,586885000,9097790,519710000
-333047000,582873000,9107490,519973000
-333761000,578852000,9116550,520236000
-334425000,574822000,9124980,520499000
-335038000,570784000,9132760,520762000
-335601000,566738000,9139900,521026000
-336113000,562686000,9146400,521289000
-336574000,558628000,9152260,521553000
-336984000,554564000,9157470,521816000
-337344000,550496000,9162040,522080000
-337653000,546423000,9165950,522343000
-337910000,542347000,9169230,522607000
-338117000,538268000,9171850,522871000
